name,url,username,password,note
degree.neumont.edu,https://degree.neumont.edu/default.aspx,bbeloin,Nc34211675,
expedia.com,https://expedia.com/,brettbeloin@gmail.com,7oB$QQ3E?y&S1!mu<Hkh,
app.seen.com,https://app.seen.com/input-password,brettbeloin@gmail.com,un2zS2Tjyf5wnbK,
www.amazon.com,https://www.amazon.com/ap/signin,brettbeloin@gmail.com,VL72&vCypJR4,
sso-us.samsung.com,https://sso-us.samsung.com/sso/auth/login,brettbeloin@gmail.com,"R6CG0SG""5qvn&?",
www.udemy.com,https://www.udemy.com/,brettbeloin@gmail.com,"q~v}3""S9H""Kj@S",
floatplane.com,https://floatplane.com/,brettbeloin@gmail.com,I-R0x8|FsRfe1},
accounts.google.com,https://accounts.google.com/,brett2beloin@gmail.com,8!wU@XMRZqUhj#,
instagram.com,https://instagram.com/accounts/login/,beloinbrett,1BbKIqK4A*EXjMh,
tiktok.com,https://tiktok.com/,brettbeloin@gmail.com,z@DaGzDB!3B%,
www.ea.com,https://www.ea.com/ea-app,brettbeloin@gmail.com,RXenqhb5vp-FAx,
www.linkedin.com,https://www.linkedin.com/uas/login,bbeloin@student.neumont.edu,Nc211165545,
www.oracle.com,https://www.oracle.com/,brettbeloin@gmail.com,TiXqpR!1BFd2O&*%,
twitter.com,https://twitter.com/,brettbeloin@gmail.com,SC39VZcYyh^F,
starbucks.com,https://starbucks.com/,brettbeloin@gmail.com,"o5;r7"".(k<DIYBwO",
account.msi.com,https://account.msi.com/en/register,brettbeloin@gmail.com,n6W#jqEeqMu63RE,
users.nexusmods.com,https://users.nexusmods.com/,thebugfixer,&Smzr#Jq7c7L,
tryhackme.com,https://tryhackme.com/,brettbeloin@gmail.com,{vL?[F3:]?EkJ|,
visible.com,https://visible.com/,brettbeloin@gmail.com,Lc?o6oyI;$uMbfzf,
accounts.snapchat.com,https://accounts.snapchat.com/,brettbeloin@gmail.com,G9Pv3&&pMhVJ,
surfshark.com,https://surfshark.com/,brettbeloin@gmail.com,@6CX9PNSeI13P%kw,
www.subway.com,https://www.subway.com/en-us,brettbeloin@gmail.com,JD/6:-t#}B91c7,
auth.skillshare.com,https://auth.skillshare.com/,brettbeloin@gmail.com,g4NRkBh.1#fo{Al,
pornhub.com,https://pornhub.com/,jeffgun31@gmail.com,7@kDSf6uHzGVUa,
vudu.com,https://vudu.com/,brettbeloin@gmail.com,'n'r!<:@S2j6Vr,
forum.psnprofiles.com,https://forum.psnprofiles.com/oauth/authorize/,brettbeloin@gmail.com,"46nd.gXnJ':Zq1""",
www.gamestop.com,https://www.gamestop.com/password/set/,brettbeloin@gmail.com,4NC!tK7E5ZH%m#j,
ordering.jerseymikes.com,https://ordering.jerseymikes.com/,brettbeloin@gmail.com,meC;;a8n;beU+<P0Z`:;,
chick-fil-a.com,http://chick-fil-a.com/,brettbeloin@gmail.com,}_a7?HfUbH4><d,
studentsts.neumont.edu,https://studentsts.neumont.edu/Login.aspx,bbeloin@student.neumont.edu,Nc34211675,
arbys.com,https://arbys.com/,brettbeloin@gmail.com,qMqbz<ybPvwP6e^U,
apple.com,https://apple.com/,brettbeloin@gmail.com,Rul3r1n6.j4W5.m1X1n6,
linksysremotemanagement.com,https://linksysremotemanagement.com/ui/1.0.1.2375/dynamic/password-reset-simple.html,brettbeloin@gmail.com,ydbt3!R8_v4B/-H,
my.disney.com,https://my.disney.com/,brett2beloin@gmail.com,h1<QTl`'r4[d(Z,"this is for Disney+, Hulu, ESPN"
www.paypal.com,https://www.paypal.com/,brettbeloin@gmail.com,nE9OBn0lkI9$u2q,
www.pepperbox.tv,https://www.pepperbox.tv/signup,brettbeloin@gmail.com,TmQGhc8.j4Uvj@T,
login.my.chick-fil-a.com,https://login.my.chick-fil-a.com/as/authorization.oauth2,brettbeloin@gmail.com,}_a7?HfUbH4><d,
kfc.com,http://kfc.com/,brettbeloin@gmail.com,`)N9~KPGYW7Ex}2+A|zQ,
api.id.me,https://api.id.me/en/registration/new,bbeloin@student.neumont.edu,j2YB77V_h!.h$&q,
2k.com,https://2k.com/en-US/,brettbeloin@gmail.com,SF8bxM87^b9Z@v32,
sportclipsinc.com,https://sportclipsinc.com/,anne.callesen184@anglernook.com,wewxyf-fIscir-fygpa9,
,android://22hr22xTbJ5cIR0oUsBHCJoEF0k54vSMT1BJQ3YEaOy3RMe0hEibVfahvFze8BDI9Hh0tcuV3YezVvMmNuYxDQ==@com.dominospizza/,jeffgun31@gmail.com,x@VPTbSr9r1kgTb,
brilliant.org,https://brilliant.org/account/login/,brettbeloin@gmail.com,XCL4MTRFIUS2MXUT3XNU5BWHTTKRVSI2,
expressvon.com,https://expressvon.com/,brettbeloin@gmail.com,AquaLampJamCarpe,
account.docusign.com,https://account.docusign.com/v2/usertoaccountinvite/tokenhandler,bbeloin@student.neumont.edu,WeKaBNM3Fy4P6s*,
discord.com,https://discord.com/,brettbeloin@gmail.com,HscLmGz4T*60Rixk,
arc.net,https://arc.net/,anne.callesen184@anglernook.com,xp&TQbeF^1Mg$b4R,
signin.rockstargames.com,https://signin.rockstargames.com/,brettbeloin@gmail.com,.Cp7>:Hq1*:Yy},
accounts.nintendo.com,https://accounts.nintendo.com/login,jeffgun31@gmail.com,"`v`^|;',FLT5LI",
delta.com,https://delta.com/,brettbeloin,31kPbQYY5yN2RTyOzsyl,
accounts.google.com,https://accounts.google.com/ServiceLogin,faith.beloin@yahoo.com,gKarQik9,
sso.redhat.com,https://sso.redhat.com/auth/realms/redhat-external/login-actions/first-broker-login,brett.beloin,QiPaT!kD4q8AEw9,
club.nintendo.com,https://club.nintendo.com/home.do,jeffgun31@gmail.com,"`v`^|;',FLT5LI",
my.t-mobile.com,https://my.t-mobile.com/Login/default.aspx,brettbeloin@gmail.com,":ESl^5L,0hTq1Dk3",
newegg.com,https://newegg.com/,brettbeloin@gmail.com,J9r!k2P&dL7t$zXq,
profile.broadcom.com,https://profile.broadcom.com/web/registration,bbeloin@student.neumont.edu,4jzzffo@hd1@Zpes,
fedex.com,https://fedex.com/,brettbeloin@gmail.com,24h_S1NBrF&_DZ,
forum.psnprofiles.com,https://forum.psnprofiles.com/lostpassword/,brettbeloin@gmai.com,"46nd.gXnJ':Zq1""",
,android://tGiI9nNCEX0MfObDZIvbwe7hvYlCmb380Ej21U8HuFl4UTJ0VFsm7YEK_gKE0ynzTtEW7Ia_4lCZWvXJLuBJOA==@com.megaplex/,6032372720,"YO]u`S<o""jOnN*2tmW""z",
id.logi.com,https://id.logi.com/,brettbeloin@gmail.com,ynbP789P6sHP_!Y,
github.com,https://github.com/login,brettbeloin@gmail.com,78!46gUZsKhbsnF,
,android://TOaVm6j01PJG4An-SEUiVNySAkkwJY0-QOefKMURQ1ZO9gSVxAnsoQpBPDx-OZ_zz_PXLq4Xa-gXQikz59BOjQ==@com.vzw.hss.myverizon/,brettbeloin@gmail.com,kobsy3-wemcap-zehGem,your moms house
account.jetbrains.com,https://account.jetbrains.com/,bbeloin@student.neumont.edu,N9r)`u3A5l*$hh,
www.walmart.com,https://www.walmart.com/cservice/cart_signIn.do,brettbeloin@gmail.com,b2tHy97&$aCP,
firefox.com,http://firefox.com/,brettbeloin@gmail.com,JPqn?.W7/-Iqa?,
devianart.com,https://devianart.com/,jeffgun31@gmail.com,ksbfsodnafo16,
signin.ebay.com,https://signin.ebay.com/ws/eBayISAPI.dll,brettbeloin@gmail.com,yr63!2^4$TKwMUH#,
www.max.com,https://www.max.com/,brettbeloin@gmail.com,a(vokEGp#09j1?ou,
minecraft.net,https://minecraft.net/login,jeffgun31@gmail.com,}Y6*_;.5mY'ADs,
app.seen.com,https://app.seen.com/input-income,,un2zS2Tjyf5wnbK,
ubisoft.com,https://ubisoft.com/,brettbeloin@gmail.com,CgvkcvOg?%!;75,
www.facebook.com,https://www.facebook.com/login.php,brettbeloin@gmail.com,@nvWPDhr*Mk2,
www.netflix.com,https://www.netflix.com/,jeffgun31@gmail.com,HD^d3jQy9qE4r@Q$,
megaplextheatres.com,https://megaplextheatres.com/,6032372720,"YO]u`S<o""jOnN*2tmW""z",
accounts.google.com,https://accounts.google.com/ServiceLogin,jeffgun31@gmail.com,"4C,By~Y=+/dFVO",
leetcode.com,https://leetcode.com/,brettbeloin@gmail.com,jfjdhsyQV?\8,
,android://x-7Co624aAlplIFvOJF4Wy51ws73TA2THyAh8BvwhVi-gabrR7j2gIgXukrpJJ1cLJlsD8X0VyPxO5QnR54X1A==@com.aa.android/,NY80Y14,7$ZfhwGD_gPG7w,
littleceasers.com,https://littleceasers.com/,brettbeloin@gmail.com,nX<@S%ntcSAb3^zWl40M,
,android://RoXZhZBmW4kjlfVz5uemw7ZpAOihqCmGXMBjvAnLuQbtRiRo-ynbeuhF4x6zGPX_eGovhNLrcreNRh3J5zvp6g==@net.zedge.android/,Jdhsfngvscmac,iiDt9Db27x-HP7X,
my.account.sony.com,https://my.account.sony.com/central/signin/,brettbeloin@gmail.com,netMuclEPl@,
auth.wecultivate.us,https://auth.wecultivate.us/auth/realms/wecultivate.us/protocol/openid-connect/auth,brettbeloin@gmail.com,'kA0\mK1/c55,
,android://rF2BMtDX6N5uymxwf2Syvpr7kW1gTUHhATVyF8dhrmRE8mvmWQ1KwSOvcxAEnpM52kL_VrS3omH3kq-I6N6SRQ==@com.paypal.android.p2pmobile/,brettbeloin@gmail.com,8086,
www.nvidia.com,https://www.nvidia.com/en-us/,brettbeloin@gmail.com,"1`#;0@frTz),PQ",
app.new.atlasfin.com,https://app.new.atlasfin.com/en/reg-password,brettbeloin@gmail.com,VEqw9E.pR!kaVyV,
accounts.ebay.com,https://accounts.ebay.com/,brettbeloin@gmail.com,pIE_@1ObxpzLpkR,
www.ifixit.com,https://www.ifixit.com/,brettbeloin@gmail.com,"uNS?""X{1C=",
account.wbgames.com,https://account.wbgames.com/create-password,brettbeloin@gmail.com,!+ZXDr6T2/@N8jJ,
dcuniverseinfinite.com,https://dcuniverseinfinite.com/,brettbeloin@gmail.com,iUN0@Y02y,
giphy.com,https://giphy.com/join,brettbeloin@gmail.com,N!dL!^-D4brBN.9,
www.harrypotter.com,https://www.harrypotter.com/register,brettbeloin@gmail.com,@hX5mrMC4RXX#Us,
fiveguys.com,https://fiveguys.com/,brettbeloin@gmail.com,y`(4.42m_j%bP+`GZ[iV,
login.nvgs.nvidia.com,https://login.nvgs.nvidia.com/v1/login/password,brettbeloin@gmail.com,"1`#;0@frTz),PQ",
crunchyroll.com,https://crunchyroll.com/,brettbeloin@gmail.com,t4={Q%sa#D@Ul#,
activision.com,https://activision.com/,brettbeloin@gmail.com,XrW3Csw0TIp50n,
dunkindonuts.com,https://dunkindonuts.com/,jeffgun31@gmail.com,4(ouUKcyd5,
twitch.tv,https://twitch.tv/,brettbeloin,JK2;$sPdR=dlj/,
bangoronlinebanking.com,https://bangoronlinebanking.com/,brettbeloin,T&52A^YKzfbg,
studentsts.neumont.edu,https://studentsts.neumont.edu/Login.aspx,bbeloin,Nc34211675,
battle.net.com,https://battle.net.com/,brettbeloin@gmail.com,"uaeYxV,6/L&`43",
www.kroger.com,https://www.kroger.com/,brettbeloin@gmail.com,"}C@Y0}Dj6vAGu^I,""[st",
www.reddit.com,https://www.reddit.com/,Jeffgun31@gmail.com,Y3mFb@dkH9Z9Ay2k,
jimmyjohns.com,https://jimmyjohns.com/,brettbeloin@gmail.com,"cw,'2>>Q[R_27H2KWGmv",
paramount.com,https://paramount.com/,brett2beloin@gmail.com,nohne1-qyvfup-dycquQ,
my.roku.com,https://my.roku.com/password/reset/complete,brettbeloin@gmail.com,HdHaH7uq$tqw_@Z,
www.pornhub.com,https://www.pornhub.com/,jeffgun31@gmail.com,7@kDSf6uHzGVUa,
auth.prismray.io,https://auth.prismray.io/register,bbeloin,B8H93b.NQd@.TK3,
,android://EXZ3dySGYxTMYHaZWNW-UPBR7n1tJizHc84YG6n0UgTirDmY-AkMV_0FeCj5GU9DSccTfGvU1qQS3OuHoG6psA==@com.maverik.rewards/,brettbeloin@gmail.com,gshwhifbskcigahsjgcd618,
,android://o0Q35J101xcDwJbhBzTkSfBhsjgV0uG-kohmnGBB0-5-fqaGgPCpFJ_QLKqrVIEcVA71HQDzpWsoV6IiozbVYg==@com.cube.arc.blood/,brettbeloin@gmail.com,yHONrF-up9YYS3W,
wendys.com,https://wendys.com/,brettbeloin@gmail.com,PBpP5vp*2gq2zmJ,
auth.max.com,https://auth.max.com/login,brettbeloin@gmail.com,a(vokEGp#09j1?ou,
dash.parsec.app,https://dash.parsec.app/signup/password/,bbeloin,BGy*%Xb7b~2v$<V,
www.target.com,https://www.target.com/home,brettbeloin@gmail.com,4HgjrejQm00L4ODWTOLO,
,android://dS-TVvi6S9xOCOkuLzNJiiNyt0HF6UwT9Hv9o0RchNYYmWLRSXckuDz9xa_ECSbCF_GGRpXvYCvk7CI47f4kKg==@com.blackriflecoffee.app/,brettbeloin@gmail.com,nutkik-gywzak-Xunsi5,
bethesda.net,https://bethesda.net/,brettbeloin," -/v""&fo.M;J{M3V""",
privacy.com,https://privacy.com/,brettbeloin@gmail.com,N$uH4N4zpj^Q,
www.epicgames.com,https://www.epicgames.com/,jeffgun31@gmail.com,7@gcYQ!iacG5F7&Y,
www.ticketmaster.com,https://www.ticketmaster.com/member,brettbeloin@gmail.com,",2U+H9uqfU!a<2",
studentaid.gov,https://studentaid.gov/,brettbeloin@gmail.com,L:)nYsz634v+tEN,
pizzahut.com,https://pizzahut.com/,brettbeloin@gmail.com,83.rU~?%,
awrestaurants.com,https://awrestaurants.com/,brettbeloin@gmail.com,85T^6IOQn<fsPm2%YGbe,
p16.courseval.net,https://p16.courseval.net/,bbeloin@student.neumont.edu,84P$p6UhXQN,
auth.netacad.com,https://auth.netacad.com/,brettbeloin@gmail.com,9*0IDk3&6*UVL&r!,
accounts.google.com,https://accounts.google.com/ServiceLogin,brettbeloin@gmail.com,A9$fD2w@7QhL6#Z,
auth.self.inc,https://auth.self.inc/u/login,brettbeloin@gmail.com,temP@ss69,
www.nolvus.net,https://www.nolvus.net/account/register,bbeloin,F9uWnBSAT29L7F2,
store.steampowered.com,https://store.steampowered.com/login/,puppydog124,towy.trunkful.clerestory,
my.roku.com,https://my.roku.com/signup/link/o,faith.beloin@yahoo.com,Faith1776,
psnprofiles.com,https://psnprofiles.com/,brettbeloin@gmail.com,"46nd.gXnJ':Zq1""",
bestbuy.com,https://bestbuy.com/,brettbeloin@gmail.com,sszD%1_yw}^{LIHs,
login.live.com,https://login.live.com/login.srf,brettbeloin@gmail.com,o!KZj886Lu?<,
app.chime.com,https://app.chime.com/password-reset/change,brettbeloin@gmail.com,9V2Q1JLOR~mdD33,
account.samsung.com,https://account.samsung.com/accounts/ANDROIDSDK/signInPassword,brettbeloin@gmail.com,"R6CG0SG""5qvn&?",
www.spotify.com,https://www.spotify.com/us/login/,brettbeloin@gmail.com,76@c53Y%KmYdXZ82,
login.microsoftonline.com,https://login.microsoftonline.com/7130524f-e7bc-4d23-8173-9401e51af82d/login,bbeloin@student.neumont.edu,Nc34211675,
tonyburgers.com,https://tonyburgers.com/,anne.callesen184@anglernook.com,pA47kK568BQqRY&B,
,android://TSs7XxjJxHwxTnQr2vd9JuxKnMnS_CzRKdBHbF0E2MmmhmWnGTjnuwTjHszVMkDmtGr9xLbQeYmo1X3TvEJd2A==@com.southwestairlines.mobile/,bmabeloin,sZ78W9EJmmu$c,
www.paypal.com,https://www.paypal.com/login,brettbeloin@gmail.com,BKb)@EG2^vZ6tEt,
docker.com,https://docker.com/,brettbeloin@gmail.com,8io>xzU(PDTWG7,
larian.com,https://larian.com/account/reset-password,brettbeloin@gmail.com,K@ja6+d23CgHzCh,
app.uwil.com,https://app.uwil.com/,bbeloin@student.neumont.edu,zukgYr-wujja0-qophon,
www.dropbox.com,https://www.dropbox.com/forgot_finish,brettbeloin@gmail.com,)&w7GzPRTHx@X)J,
login3.id.hp.com,https://login3.id.hp.com/,brettbeloin@gmail.com,`ep]*'(-X7^d-r?,
symless.com,https://symless.com/,brettbeloin@gmail.com, +vn'V$D*D_^=M7,
member.chime.com,https://member.chime.com/,brettbeloin@gmail.com,9V2Q1JLOR~mdD33,
edube.org,https://edube.org/password-reset/31e3a604-d075-11ee-bf5b-0242157e55ca,brettbeloin@gmail.com,"hE2,6^cV&$V}$?",
my.mintmobile.com,https://my.mintmobile.com/,brettbeloin@gmail.com,MA45fS~twNH]BJx,
,android://mVaCfmiBAjvU8HJBAYix-xMC5zvxgdFXcuT6K_WYqZzbg7OG66L7oTt58mUIqfhBEzfFQBriTX7UaVR5gBu2-A==@com.brinker.chilis/,brettbeloin@gmail.com,h0@Dn1$8tr2CmDX,
vivaldi.com,https://vivaldi.com/,brettbeloin,",jlFfkhdskjhsdk#",",jlFfkhdskjhsdk#"
www.peacocktv.com,https://www.peacocktv.com/,brettbeloin@gmail.com,zn34@lp0gjq,
play.max.com,https://play.max.com/confirm-password,brettbeloin@gmail.com,a(vokEGp#09j1?ou,